state_district,bioguide_id,sortable_name,comtype,comcode,comrank,leadership
AK00,B001323,"BEGICH,NICHOLAS",committee,II00,23,
AK00,B001323,"BEGICH,NICHOLAS",committee,PW00,26,
AK00,B001323,"BEGICH,NICHOLAS",committee,SY00,21,
AL01,M001212,"MOORE,BARRY",committee,AG00,16,
AL01,M001212,"MOORE,BARRY",committee,JU00,13,
AL02,F000481,"FIGURES,SHOMARI",committee,AG00,19,
AL02,F000481,"FIGURES,SHOMARI",committee,PW00,31,
AL03,R000575,"ROGERS,MIKE",committee,AS00,1,Chair
AL04,A000055,"ADERHOLT,ROBERT",committee,AP00,3,
AL05,S001220,"STRONG,DALE",committee,AP00,33,
AL05,S001220,"STRONG,DALE",committee,HM00,11,
AL06,P000609,"PALMER,GARY",committee,GO00,8,
AL06,P000609,"PALMER,GARY",committee,IF00,7,
AL07,S001185,"SEWELL,TERRI",committee,HA00,2,
AL07,S001185,"SEWELL,TERRI",committee,WM00,7,
AR01,C001087,"CRAWFORD,ERIC",committee,AG00,4,
AR01,C001087,"CRAWFORD,ERIC",committee,IG00,1,Chairman
AR01,C001087,"CRAWFORD,ERIC",committee,PW00,2,
AR02,H001072,"HILL,J.",committee,BA00,1,Chair
AR02,H001072,"HILL,J.",committee,IG00,6,
AR03,W000809,"WOMACK,STEVE",committee,AP00,8,
AR04,W000821,"WESTERMAN,BRUCE",committee,II00,1,Chair
AR04,W000821,"WESTERMAN,BRUCE",committee,PW00,10,
AQ00,R000600,"RADEWAGEN,AUMUAAMATA",committee,FA00,15,
AQ00,R000600,"RADEWAGEN,AUMUAAMATA",committee,II00,5,
AQ00,R000600,"RADEWAGEN,AUMUAAMATA",committee,VR00,2,
AZ01,S001183,"SCHWEIKERT,DAVID",committee,EC00,1,
AZ01,S001183,"SCHWEIKERT,DAVID",committee,WM00,5,
AZ02,C001132,"CRANE,ELIJAH",committee,GO00,23,
AZ02,C001132,"CRANE,ELIJAH",committee,HM00,13,
AZ03,A000381,"ANSARI,YASSAMIN",committee,GO00,16,
AZ03,A000381,"ANSARI,YASSAMIN",committee,II00,13,
AZ04,S001211,"STANTON,GREG",committee,FA00,11,
AZ04,S001211,"STANTON,GREG",committee,PW00,14,
AZ05,B001302,"BIGGS,ANDY",committee,GO00,11,
AZ05,B001302,"BIGGS,ANDY",committee,JU00,3,
AZ06,C001133,"CISCOMANI,JUAN",committee,AP00,29,
AZ06,C001133,"CISCOMANI,JUAN",committee,VR00,9,
AZ07,G000551,"GRIJALVA,RAUL",committee,ED00,2,
AZ07,G000551,"GRIJALVA,RAUL",committee,II00,2,
AZ08,H001098,"HAMADEH,ABRAHAM",committee,AS00,30,
AZ08,H001098,"HAMADEH,ABRAHAM",committee,VR00,12,
AZ09,G000565,"GOSAR,PAUL",committee,GO00,4,
AZ09,G000565,"GOSAR,PAUL",committee,II00,4,
CA01,L000578,"LAMALFA,DOUG",committee,AG00,6,
CA01,L000578,"LAMALFA,DOUG",committee,II00,6,
CA01,L000578,"LAMALFA,DOUG",committee,PW00,9,
CA02,H001068,"HUFFMAN,JARED",committee,II00,1,
CA02,H001068,"HUFFMAN,JARED",committee,PW00,9,
CA03,K000401,"KILEY,KEVIN",committee,ED00,13,
CA03,K000401,"KILEY,KEVIN",committee,JU00,14,
CA03,K000401,"KILEY,KEVIN",committee,PW00,22,
CA04,T000460,"THOMPSON,MIKE",committee,WM00,3,
CA05,M001177,"MCCLINTOCK,TOM",committee,BU00,3,
CA05,M001177,"MCCLINTOCK,TOM",committee,II00,3,
CA05,M001177,"MCCLINTOCK,TOM",committee,JU00,4,
CA06,B001287,"BERA,AMI",committee,FA00,5,
CA06,B001287,"BERA,AMI",committee,IG00,6,
CA07,M001163,"MATSUI,DORIS",committee,IF00,4,
CA08,G000559,"GARAMENDI,JOHN",committee,AS00,3,
CA08,G000559,"GARAMENDI,JOHN",committee,PW00,5,
CA09,H001090,"HARDER,JOSH",committee,AP00,19,
CA10,D000623,"DESAULNIER,MARK",committee,ED00,8,
CA10,D000623,"DESAULNIER,MARK",committee,PW00,12,
CA12,S001231,"SIMON,LATEEFAH",committee,GO00,18,
CA12,S001231,"SIMON,LATEEFAH",committee,SM00,9,
CA13,G000605,"GRAY,ADAM",committee,AG00,17,
CA13,G000605,"GRAY,ADAM",committee,II00,15,
CA14,S001193,"SWALWELL,ERIC",committee,HM00,2,
CA14,S001193,"SWALWELL,ERIC",committee,JU00,6,
CA15,M001225,"MULLIN,KEVIN",committee,IF00,22,
CA16,L000607,"LICCARDO,SAM",committee,BA00,24,
CA17,K000389,"KHANNA,RO",committee,AS00,7,
CA17,K000389,"KHANNA,RO",committee,GO00,5,
CA18,L000397,"LOFGREN,ZOE",committee,JU00,3,
CA18,L000397,"LOFGREN,ZOE",committee,SY00,1,
CA19,P000613,"PANETTA,JIMMY",committee,BU00,5,
CA19,P000613,"PANETTA,JIMMY",committee,WM00,15,
CA20,F000480,"FONG,VINCE",committee,PW00,23,
CA20,F000480,"FONG,VINCE",committee,SY00,13,
CA21,C001059,"COSTA,JIM",committee,AG00,3,
CA21,C001059,"COSTA,JIM",committee,FA00,15,
CA22,V000129,"VALADAO,DAVID",committee,AP00,13,
CA23,O000019,"OBERNOLTE,JAY",committee,BU00,14,
CA23,O000019,"OBERNOLTE,JAY",committee,IF00,19,
CA23,O000019,"OBERNOLTE,JAY",committee,SY00,5,
CA24,C001112,"CARBAJAL,SALUD",committee,AS00,6,
CA24,C001112,"CARBAJAL,SALUD",committee,PW00,13,
CA25,R000599,"RUIZ,RAUL",committee,IF00,8,
CA26,B001285,"BROWNLEY,JULIA",committee,II00,20,
CA26,B001285,"BROWNLEY,JULIA",committee,PW00,10,
CA26,B001285,"BROWNLEY,JULIA",committee,VR00,2,
CA27,W000830,"WHITESIDES,GEORGE",committee,AS00,24,
CA27,W000830,"WHITESIDES,GEORGE",committee,SY00,15,
CA28,C001080,"CHU,JUDY",committee,WM00,9,
CA29,R000620,"RIVAS,LUZ",committee,II00,16,
CA29,R000620,"RIVAS,LUZ",committee,SY00,11,
CA30,F000483,"FRIEDMAN,LAURA",committee,PW00,29,
CA30,F000483,"FRIEDMAN,LAURA",committee,SY00,16,
CA31,C001123,"CISNEROS,GILBERT",committee,AS00,20,
CA31,C001123,"CISNEROS,GILBERT",committee,SM00,5,
CA32,S000344,"SHERMAN,BRAD",committee,BA00,3,
CA32,S000344,"SHERMAN,BRAD",committee,FA00,2,
CA33,A000371,"AGUILAR,PETE",committee,AP00,13,
CA34,G000585,"GOMEZ,JIMMY",committee,IG00,8,
CA34,G000585,"GOMEZ,JIMMY",committee,WM00,16,
CA35,T000474,"TORRES,NORMA",committee,AP00,16,
CA35,T000474,"TORRES,NORMA",committee,HA00,3,
CA36,L000582,"LIEU,TED",committee,FA00,8,
CA36,L000582,"LIEU,TED",committee,JU00,7,
CA37,K000400,"KAMLAGERDOVE,SYDNEY",committee,FA00,14,
CA37,K000400,"KAMLAGERDOVE,SYDNEY",committee,JU00,16,
CA38,S001156,"SANCHEZ,LINDA",committee,WM00,6,
CA39,T000472,"TAKANO,MARK",committee,ED00,6,
CA39,T000472,"TAKANO,MARK",committee,VR00,1,
CA40,K000397,"KIM,YOUNG",committee,BA00,17,
CA40,K000397,"KIM,YOUNG",committee,FA00,12,
CA41,C000059,"CALVERT,KEN",committee,AP00,6,
CA42,G000598,"GARCIA,ROBERT",committee,GO00,9,
CA42,G000598,"GARCIA,ROBERT",committee,PW00,26,
CA43,W000187,"WATERS,MAXINE",committee,BA00,1,
CA44,B001300,"BARRAGAN,NANETTE",committee,IF00,13,
CA45,T000491,"TRAN,DEREK",committee,AS00,25,
CA45,T000491,"TRAN,DEREK",committee,SM00,8,
CA46,C001110,"CORREA,J.",committee,HM00,3,
CA46,C001110,"CORREA,J.",committee,JU00,9,
CA47,M001241,"MIN,DAVE",committee,GO00,19,
CA47,M001241,"MIN,DAVE",committee,II00,9,
CA48,I000056,"ISSA,DARRELL",committee,FA00,6,
CA48,I000056,"ISSA,DARRELL",committee,JU00,2,
CA48,I000056,"ISSA,DARRELL",committee,SY00,7,
CA49,L000593,"LEVIN,MIKE",committee,AP00,23,
CA50,P000608,"PETERS,SCOTT",committee,BU00,4,
CA50,P000608,"PETERS,SCOTT",committee,IF00,9,
CA51,J000305,"JACOBS,SARA",committee,AS00,13,
CA51,J000305,"JACOBS,SARA",committee,FA00,9,
CA52,V000130,"VARGAS,JUAN",committee,BA00,12,
CO01,D000197,"DEGETTE,DIANA",committee,IF00,2,
CO02,N000191,"NEGUSE,JOE",committee,II00,3,
CO02,N000191,"NEGUSE,JOE",committee,JU00,11,
CO02,N000191,"NEGUSE,JOE",committee,RU00,3,
CO03,H001100,"HURD,JEFF",committee,II00,24,
CO03,H001100,"HURD,JEFF",committee,PW00,28,
CO03,H001100,"HURD,JEFF",committee,SY00,18,
CO04,B000825,"BOEBERT,LAUREN",committee,GO00,19,
CO04,B000825,"BOEBERT,LAUREN",committee,II00,11,
CO05,C001137,"CRANK,JEFF",committee,AS00,29,
CO05,C001137,"CRANK,JEFF",committee,II00,22,
CO06,C001121,"CROW,JASON",committee,AS00,10,
CO06,C001121,"CROW,JASON",committee,IG00,5,
CO07,P000620,"PETTERSEN,BRITTANY",committee,BA00,21,
CO08,E000300,"EVANS,GABE",committee,HM00,16,
CO08,E000300,"EVANS,GABE",committee,IF00,28,
CT01,L000557,"LARSON,JOHN",committee,WM00,4,
CT02,C001069,"COURTNEY,JOE",committee,AS00,2,
CT02,C001069,"COURTNEY,JOE",committee,ED00,3,
CT03,D000216,"DELAURO,ROSA",committee,AP00,1,
CT04,H001047,"HIMES,JAMES",committee,BA00,9,
CT04,H001047,"HIMES,JAMES",committee,IG00,1,
CT05,H001081,"HAYES,JAHANA",committee,AG00,6,
CT05,H001081,"HAYES,JAHANA",committee,ED00,11,
DC00,N000147,"NORTON,ELEANOR",committee,GO00,2,
DC00,N000147,"NORTON,ELEANOR",committee,PW00,2,
DE00,M001238,"MCBRIDE,SARAH",committee,FA00,22,
DE00,M001238,"MCBRIDE,SARAH",committee,SY00,13,
FL02,D000628,"DUNN,NEAL",committee,IF00,8,
FL03,C001039,"CAMMACK,KAT",committee,AG00,17,
FL03,C001039,"CAMMACK,KAT",committee,IF00,18,
FL04,B001314,"BEAN,AARON",committee,WM00,25,
FL05,R000609,"RUTHERFORD,JOHN",committee,AP00,16,
FL07,M001216,"MILLS,CORY",committee,AS00,20,
FL07,M001216,"MILLS,CORY",committee,FA00,20,
FL08,H001099,"HARIDOPOLOS,MIKE",committee,BA00,29,
FL08,H001099,"HARIDOPOLOS,MIKE",committee,SY00,19,
FL09,S001200,"SOTO,DARREN",committee,IF00,14,
FL09,S001200,"SOTO,DARREN",committee,II00,19,
FL10,F000476,"FROST,MAXWELL",committee,GO00,10,
FL10,F000476,"FROST,MAXWELL",committee,SY00,8,
FL11,W000806,"WEBSTER,DANIEL",committee,II00,7,
FL11,W000806,"WEBSTER,DANIEL",committee,PW00,3,
FL11,W000806,"WEBSTER,DANIEL",committee,SY00,4,
FL12,B001257,"BILIRAKIS,GUS",committee,IF00,4,
FL13,L000596,"LUNA,ANNAPAULINA",committee,FA00,24,
FL13,L000596,"LUNA,ANNAPAULINA",committee,GO00,20,
FL14,C001066,"CASTOR,KATHY",committee,IF00,5,
FL15,L000597,"LEE,LAUREL",committee,HA00,7,
FL15,L000597,"LEE,LAUREL",committee,IF00,24,
FL15,L000597,"LEE,LAUREL",committee,JU00,16,
FL16,B001260,"BUCHANAN,VERN",committee,WM00,2,
FL17,S001214,"STEUBE,W.",committee,IG00,12,
FL17,S001214,"STEUBE,W.",committee,WM00,15,
FL18,F000472,"FRANKLIN,SCOTT",committee,AP00,27,
FL18,F000472,"FRANKLIN,SCOTT",committee,SY00,9,
FL19,D000032,"DONALDS,BYRON",committee,BA00,18,
FL19,D000032,"DONALDS,BYRON",committee,GO00,14,
FL20,C001127,"CHERFILUSMCCORMICK,SHEILA",committee,FA00,10,
FL20,C001127,"CHERFILUSMCCORMICK,SHEILA",committee,VR00,4,
FL21,M001199,"MAST,BRIAN",committee,FA00,1,Chair
FL21,M001199,"MAST,BRIAN",committee,PW00,11,
FL22,F000462,"FRANKEL,LOIS",committee,AP00,14,
FL23,M001217,"MOSKOWITZ,JARED",committee,FA00,12,
FL23,M001217,"MOSKOWITZ,JARED",committee,JU00,17,
FL24,W000808,"WILSON,FREDERICA",committee,ED00,4,
FL24,W000808,"WILSON,FREDERICA",committee,PW00,11,
FL25,W000797,"WASSERMANSCHULTZ,DEBBIE",committee,AP00,7,
FL26,D000600,"DIAZBALART,MARIO",committee,AP00,7,
FL27,S000168,"SALAZAR,MARIA",committee,BA00,27,
FL27,S000168,"SALAZAR,MARIA",committee,FA00,13,
FL28,G000593,"GIMENEZ,CARLOS",committee,AS00,14,
FL28,G000593,"GIMENEZ,CARLOS",committee,HM00,5,
GA01,C001103,"CARTER,EARL",committee,BU00,6,
GA01,C001103,"CARTER,EARL",committee,IF00,6,
GA02,B000490,"BISHOP,SANFORD",committee,AP00,5,
GA03,J000311,"JACK,BRIAN",committee,GO00,24,
GA03,J000311,"JACK,BRIAN",committee,RU00,9,
GA03,J000311,"JACK,BRIAN",committee,SM00,11,
GA04,J000288,"JOHNSON,HENRY",committee,JU00,5,
GA04,J000288,"JOHNSON,HENRY",committee,PW00,6,
GA05,W000788,"WILLIAMS,NIKEMA",committee,BA00,20,
GA06,M001208,"MCBATH,LUCY",committee,ED00,10,
GA06,M001208,"MCBATH,LUCY",committee,JU00,12,
GA07,M001218,"MCCORMICK,RICHARD",committee,AS00,21,
GA07,M001218,"MCCORMICK,RICHARD",committee,SY00,11,
GA08,S001189,"SCOTT,AUSTIN",committee,AG00,3,
GA08,S001189,"SCOTT,AUSTIN",committee,AS00,5,
GA08,S001189,"SCOTT,AUSTIN",committee,IG00,5,
GA08,S001189,"SCOTT,AUSTIN",committee,RU00,7,
GA09,C001116,"CLYDE,ANDREW",committee,AP00,25,
GA09,C001116,"CLYDE,ANDREW",committee,BU00,17,
GA10,C001129,"COLLINS,MIKE",committee,II00,15,
GA10,C001129,"COLLINS,MIKE",committee,PW00,20,
GA10,C001129,"COLLINS,MIKE",committee,SY00,12,
GA11,L000583,"LOUDERMILK,BARRY",committee,BA00,9,
GA11,L000583,"LOUDERMILK,BARRY",committee,HA00,2,
GA12,A000372,"ALLEN,RICK",committee,ED00,7,
GA12,A000372,"ALLEN,RICK",committee,IF00,12,
GA13,S001157,"SCOTT,DAVID",committee,AG00,2,
GA13,S001157,"SCOTT,DAVID",committee,BA00,5,
GA14,G000596,"GREENE,MARJORIE",committee,GO00,18,
GA14,G000596,"GREENE,MARJORIE",committee,HM00,8,
GU00,M001219,"MOYLAN,JAMES",committee,AS00,19,
GU00,M001219,"MOYLAN,JAMES",committee,FA00,23,
HI01,C001055,"CASE,ED",committee,AP00,17,
HI02,T000487,"TOKUDA,JILL",committee,AG00,11,
HI02,T000487,"TOKUDA,JILL",committee,AS00,18,
IA01,M001215,"MILLERMEEKS,MARIANNETTE",committee,IF00,17,
IA01,M001215,"MILLERMEEKS,MARIANNETTE",committee,VR00,5,
IA02,H001091,"HINSON,ASHLEY",committee,AP00,19,
IA03,N000193,"NUNN,ZACHARY",committee,AG00,22,
IA03,N000193,"NUNN,ZACHARY",committee,BA00,25,
IA04,F000446,"FEENSTRA,RANDY",committee,AG00,14,
IA04,F000446,"FEENSTRA,RANDY",committee,WM00,20,
ID01,F000469,"FULCHER,RUSS",committee,IF00,14,
ID01,F000469,"FULCHER,RUSS",committee,II00,8,
ID02,S001148,"SIMPSON,MICHAEL",committee,AP00,4,
IL01,J000309,"JACKSON,JONATHAN",committee,AG00,15,
IL01,J000309,"JACKSON,JONATHAN",committee,FA00,13,
IL02,K000385,"KELLY,ROBIN",committee,IF00,12,
IL03,R000617,"RAMIREZ,DELIA",committee,HM00,7,
IL03,R000617,"RAMIREZ,DELIA",committee,VR00,6,
IL04,G000586,"GARCIA,JESUS",committee,JU00,15,
IL04,G000586,"GARCIA,JESUS",committee,PW00,16,
IL05,Q000023,"QUIGLEY,MIKE",committee,AP00,10,
IL05,Q000023,"QUIGLEY,MIKE",committee,IG00,10,
IL06,C001117,"CASTEN,SEAN",committee,BA00,15,
IL07,D000096,"DAVIS,DANNY",committee,WM00,5,
IL08,K000391,"KRISHNAMOORTHI,RAJA",committee,GO00,4,
IL08,K000391,"KRISHNAMOORTHI,RAJA",committee,IG00,4,
IL09,S001145,"SCHAKOWSKY,JANICE",committee,IF00,3,
IL10,S001190,"SCHNEIDER,BRADLEY",committee,WM00,14,
IL11,F000454,"FOSTER,BILL",committee,BA00,10,
IL12,B001295,"BOST,MIKE",committee,AG00,10,
IL12,B001295,"BOST,MIKE",committee,PW00,8,
IL12,B001295,"BOST,MIKE",committee,VR00,1,Chair
IL13,B001315,"BUDZINSKI,NIKKI",committee,AG00,12,
IL13,B001315,"BUDZINSKI,NIKKI",committee,VR00,7,
IL14,U000040,"UNDERWOOD,LAUREN",committee,AP00,20,
IL15,M001211,"MILLER,MARY",committee,AG00,15,
IL15,M001211,"MILLER,MARY",committee,ED00,11,
IL15,M001211,"MILLER,MARY",committee,HA00,8,
IL16,L000585,"LAHOOD,DARIN",committee,IG00,3,
IL16,L000585,"LAHOOD,DARIN",committee,WM00,6,
IL17,S001225,"SORENSEN,ERIC",committee,AG00,13,
IL17,S001225,"SORENSEN,ERIC",committee,AS00,21,
IN01,M001214,"MRVAN,FRANK",committee,AP00,26,
IN02,Y000067,"YAKYM,RUDY",committee,WM00,23,
IN03,S001188,"STUTZMAN,MARLIN",committee,BA00,14,
IN03,S001188,"STUTZMAN,MARLIN",committee,BU00,10,
IN04,B001307,"BAIRD,JAMES",committee,AG00,12,
IN04,B001307,"BAIRD,JAMES",committee,FA00,17,
IN04,B001307,"BAIRD,JAMES",committee,SY00,3,
IN06,S001229,"SHREVE,JEFFERSON",committee,FA00,25,
IN06,S001229,"SHREVE,JEFFERSON",committee,PW00,29,
IN07,C001072,"CARSON,ANDRE",committee,IG00,2,
IN07,C001072,"CARSON,ANDRE",committee,PW00,7,
IN08,M001233,"MESSMER,MARK",committee,AG00,27,
IN08,M001233,"MESSMER,MARK",committee,AS00,27,
IN08,M001233,"MESSMER,MARK",committee,ED00,20,
IN09,H001093,"HOUCHIN,ERIN",committee,BU00,18,
IN09,H001093,"HOUCHIN,ERIN",committee,ED00,14,
IN09,H001093,"HOUCHIN,ERIN",committee,IF00,22,
IN09,H001093,"HOUCHIN,ERIN",committee,RU00,5,
KS01,M000871,"MANN,TRACEY",committee,AG00,13,
KS01,M000871,"MANN,TRACEY",committee,PW00,17,
KS02,S001228,"SCHMIDT,DEREK",committee,AS00,28,
KS02,S001228,"SCHMIDT,DEREK",committee,JU00,23,
KS02,S001228,"SCHMIDT,DEREK",committee,SM00,14,
KS03,D000629,"DAVIDS,SHARICE",committee,AG00,8,
KS03,D000629,"DAVIDS,SHARICE",committee,PW00,15,
KS04,E000298,"ESTES,RON",committee,BU00,12,
KS04,E000298,"ESTES,RON",committee,WM00,8,
KY01,C001108,"COMER,JAMES",committee,ED00,8,
KY01,C001108,"COMER,JAMES",committee,GO00,1,Chair
KY02,G000558,"GUTHRIE,BRETT",committee,IF00,1,Chair
KY03,M001220,"MCGARVEY,MORGAN",committee,BU00,14,
KY03,M001220,"MCGARVEY,MORGAN",committee,SM00,2,
KY03,M001220,"MCGARVEY,MORGAN",committee,VR00,5,
KY04,M001184,"MASSIE,THOMAS",committee,JU00,6,
KY04,M001184,"MASSIE,THOMAS",committee,PW00,4,
KY05,R000395,"ROGERS,HAROLD",committee,AP00,2,
KY06,B001282,"BARR,ANDY",committee,BA00,6,
KY06,B001282,"BARR,ANDY",committee,FA00,10,
LA02,C001125,"CARTER,TROY",committee,IF00,20,
LA03,H001077,"HIGGINS,CLAY",committee,AS00,23,
LA03,H001077,"HIGGINS,CLAY",committee,GO00,9,
LA03,H001077,"HIGGINS,CLAY",committee,HM00,3,
LA05,L000595,"LETLOW,JULIA",committee,AP00,21,
LA05,L000595,"LETLOW,JULIA",committee,ED00,12,
LA06,F000110,"FIELDS,CLEO",committee,BA00,22,
MA01,N000015,"NEAL,RICHARD",committee,WM00,1,
MA02,M000312,"MCGOVERN,JAMES",committee,AG00,4,
MA02,M000312,"MCGOVERN,JAMES",committee,RU00,1,
MA03,T000482,"TRAHAN,LORI",committee,IF00,16,
MA04,A000148,"AUCHINCLOSS,JAKE",committee,IF00,19,
MA06,M001196,"MOULTON,SETH",committee,AS00,5,
MA06,M001196,"MOULTON,SETH",committee,PW00,18,
MA07,P000617,"PRESSLEY,AYANNA",committee,BA00,16,
MA07,P000617,"PRESSLEY,AYANNA",committee,GO00,20,
MA08,L000562,"LYNCH,STEPHEN",committee,BA00,6,
MA08,L000562,"LYNCH,STEPHEN",committee,GO00,3,
MA09,K000375,"KEATING,WILLIAM",committee,AS00,8,
MA09,K000375,"KEATING,WILLIAM",committee,FA00,4,
MD01,H001052,"HARRIS,ANDY",committee,AP00,11,
MD02,O000176,"OLSZEWSKI,JOHNNY",committee,FA00,20,
MD02,O000176,"OLSZEWSKI,JOHNNY",committee,SM00,10,
MD03,E000301,"ELFRETH,SARAH",committee,AS00,23,
MD03,E000301,"ELFRETH,SARAH",committee,II00,14,
MD04,I000058,"IVEY,GLENN",committee,AP00,28,
MD05,H000874,"HOYER,STENY",committee,AP00,2,
MD06,M001232,"MCCLAINDELANEY,APRIL",committee,AG00,23,
MD06,M001232,"MCCLAINDELANEY,APRIL",committee,SY00,17,
MD07,M000687,"MFUME,KWEISI",committee,FA00,17,
MD07,M000687,"MFUME,KWEISI",committee,GO00,6,
MD08,R000606,"RASKIN,JAMIE",committee,JU00,1,
ME01,P000597,"PINGREE,CHELLIE",committee,AP00,9,
ME02,G000592,"GOLDEN,JARED",committee,AS00,12,
ME02,G000592,"GOLDEN,JARED",committee,II00,8,
MI01,B001301,"BERGMAN,JACK",committee,AS00,11,
MI01,B001301,"BERGMAN,JACK",committee,BU00,8,
MI01,B001301,"BERGMAN,JACK",committee,VR00,3,
MI02,M001194,"MOOLENAAR,JOHN",committee,AP00,15,
MI03,S001221,"SCHOLTEN,HILLARY",committee,PW00,23,
MI03,S001221,"SCHOLTEN,HILLARY",committee,SM00,3,
MI04,H001058,"HUIZENGA,BILL",committee,BA00,4,
MI04,H001058,"HUIZENGA,BILL",committee,FA00,14,
MI05,W000798,"WALBERG,TIM",committee,ED00,1,Chair
MI05,W000798,"WALBERG,TIM",committee,II00,18,
MI06,D000624,"DINGELL,DEBBIE",committee,IF00,10,
MI06,D000624,"DINGELL,DEBBIE",committee,II00,18,
MI07,B001321,"BARRETT,TOM",committee,PW00,25,
MI07,B001321,"BARRETT,TOM",committee,VR00,14,
MI08,M001237,"MCDONALDRIVET,KRISTEN",committee,AG00,18,
MI08,M001237,"MCDONALDRIVET,KRISTEN",committee,PW00,28,
MI09,M001136,"MCCLAIN,LISA",committee,BA00,26,
MI09,M001136,"MCCLAIN,LISA",committee,ED00,10,
MI10,J000307,"JAMES,JOHN",committee,IF00,20,
MI11,S001215,"STEVENS,HALEY",committee,ED00,13,
MI11,S001215,"STEVENS,HALEY",committee,SY00,3,
MI12,T000481,"TLAIB,RASHIDA",committee,BA00,17,
MI12,T000481,"TLAIB,RASHIDA",committee,GO00,21,
MI13,T000488,"THANEDAR,SHRI",committee,AG00,16,
MI13,T000488,"THANEDAR,SHRI",committee,HM00,4,
MN01,F000475,"FINSTAD,BRAD",committee,AG00,18,
MN01,F000475,"FINSTAD,BRAD",committee,AS00,16,
MN01,F000475,"FINSTAD,BRAD",committee,SM00,8,
MN02,C001119,"CRAIG,ANGIE",committee,AG00,1,
MN03,M001234,"MORRISON,KELLY",committee,SM00,6,
MN03,M001234,"MORRISON,KELLY",committee,VR00,11,
MN04,M001143,"MCCOLLUM,BETTY",committee,AP00,6,
MN05,O000173,"OMAR,ILHAN",committee,BU00,9,
MN05,O000173,"OMAR,ILHAN",committee,ED00,12,
MN06,E000294,"EMMER,TOM",committee,BA00,8,
MN07,F000470,"FISCHBACH,MICHELLE",committee,RU00,2,
MN07,F000470,"FISCHBACH,MICHELLE",committee,WM00,17,
MN08,S001212,"STAUBER,PETE",committee,II00,9,
MN08,S001212,"STAUBER,PETE",committee,PW00,12,
MN08,S001212,"STAUBER,PETE",committee,SM00,2,
MO01,B001324,"BELL,WESLEY",committee,AS00,27,
MO01,B001324,"BELL,WESLEY",committee,GO00,17,
MO02,W000812,"WAGNER,ANN",committee,BA00,5,
MO02,W000812,"WAGNER,ANN",committee,FA00,7,
MO02,W000812,"WAGNER,ANN",committee,IG00,10,
MO03,O000177,"ONDER,ROBERT",committee,ED00,16,
MO03,O000177,"ONDER,ROBERT",committee,JU00,22,
MO03,O000177,"ONDER,ROBERT",committee,PW00,35,
MO04,A000379,"ALFORD,MARK",committee,AP00,31,
MO04,A000379,"ALFORD,MARK",committee,SM00,6,
MO05,C001061,"CLEAVER,EMANUEL",committee,BA00,8,
MO06,G000546,"GRAVES,SAM",committee,AS00,6,
MO06,G000546,"GRAVES,SAM",committee,PW00,1,Chair
MO07,B001316,"BURLISON,ERIC",committee,GO00,22,
MO07,B001316,"BURLISON,ERIC",committee,PW00,19,
MO08,S001195,"SMITH,JASON",committee,WM00,1,Chair
MP00,K000404,"KINGHINDS,KIMBERLYN",committee,PW00,33,
MP00,K000404,"KINGHINDS,KIMBERLYN",committee,SM00,13,
MP00,K000404,"KINGHINDS,KIMBERLYN",committee,VR00,13,
MS01,K000388,"KELLY,TRENT",committee,AG00,8,
MS01,K000388,"KELLY,TRENT",committee,AS00,9,
MS01,K000388,"KELLY,TRENT",committee,IG00,2,
MS02,T000193,"THOMPSON,BENNIE",committee,HM00,1,
MS03,G000591,"GUEST,MICHAEL",committee,AP00,23,
MS03,G000591,"GUEST,MICHAEL",committee,HM00,4,
MS04,E000235,"EZELL,MIKE",committee,II00,19,
MS04,E000235,"EZELL,MIKE",committee,PW00,21,
MT01,Z000018,"ZINKE,RYAN",committee,AP00,24,
MT01,Z000018,"ZINKE,RYAN",committee,FA00,22,
MT02,D000634,"DOWNING,TROY",committee,BA00,28,
MT02,D000634,"DOWNING,TROY",committee,SM00,12,
NC01,D000230,"DAVIS,DONALD",committee,AG00,10,
NC01,D000230,"DAVIS,DONALD",committee,AS00,19,
NC02,R000305,"ROSS,DEBORAH",committee,JU00,13,
NC02,R000305,"ROSS,DEBORAH",committee,SY00,4,
NC03,M001210,"MURPHY,GREGORY",committee,HA00,4,
NC03,M001210,"MURPHY,GREGORY",committee,VR00,6,
NC03,M001210,"MURPHY,GREGORY",committee,WM00,12,
NC04,F000477,"FOUSHEE,VALERIE",committee,PW00,24,
NC04,F000477,"FOUSHEE,VALERIE",committee,SY00,6,
NC05,F000450,"FOXX,VIRGINIA",committee,ED00,3,
NC05,F000450,"FOXX,VIRGINIA",committee,GO00,5,
NC05,F000450,"FOXX,VIRGINIA",committee,RU00,1,Chair
NC06,M001240,"MCDOWELL,ADDISON",committee,BU00,19,
NC06,M001240,"MCDOWELL,ADDISON",committee,II00,21,
NC06,M001240,"MCDOWELL,ADDISON",committee,PW00,30,
NC07,R000603,"ROUZER,DAVID",committee,AG00,7,
NC07,R000603,"ROUZER,DAVID",committee,PW00,7,
NC07,R000603,"ROUZER,DAVID",committee,SY00,14,
NC08,H001102,"HARRIS,MARK",committee,AG00,28,
NC08,H001102,"HARRIS,MARK",committee,ED00,19,
NC08,H001102,"HARRIS,MARK",committee,JU00,21,
NC09,H001067,"HUDSON,RICHARD",committee,IF00,5,
NC10,H001101,"HARRIGAN,PAT",committee,AS00,26,
NC10,H001101,"HARRIGAN,PAT",committee,SY00,16,
NC11,E000246,"EDWARDS,CHUCK",committee,AP00,30,
NC11,E000246,"EDWARDS,CHUCK",committee,BU00,16,
NC12,A000370,"ADAMS,ALMA",committee,AG00,5,
NC12,A000370,"ADAMS,ALMA",committee,ED00,7,
NC13,K000405,"KNOTT,BRAD",committee,HM00,18,
NC13,K000405,"KNOTT,BRAD",committee,JU00,20,
NC13,K000405,"KNOTT,BRAD",committee,PW00,32,
NC14,M001236,"MOORE,TIM",committee,BA00,30,
NC14,M001236,"MOORE,TIM",committee,BU00,21,
ND00,F000482,"FEDORCHAK,JULIE",committee,IF00,30,
NE01,F000474,"FLOOD,MIKE",committee,BA00,21,
NE02,B001298,"BACON,DON",committee,AG00,9,
NE02,B001298,"BACON,DON",committee,AS00,10,
NE03,S001172,"SMITH,ADRIAN",committee,WM00,3,
NH01,P000614,"PAPPAS,CHRIS",committee,PW00,17,
NH01,P000614,"PAPPAS,CHRIS",committee,VR00,3,
NH02,G000604,"GOODLANDER,MAGGIE",committee,AS00,22,
NH02,G000604,"GOODLANDER,MAGGIE",committee,SM00,12,
NJ01,N000188,"NORCROSS,DONALD",committee,AS00,4,
NJ01,N000188,"NORCROSS,DONALD",committee,ED00,9,
NJ02,V000133,"VANDREW,JEFFERSON",committee,JU00,11,
NJ02,V000133,"VANDREW,JEFFERSON",committee,PW00,15,
NJ03,C001136,"CONAWAY,HERBERT",committee,SM00,11,
NJ03,C001136,"CONAWAY,HERBERT",committee,VR00,10,
NJ04,S000522,"SMITH,CHRISTOPHER",committee,FA00,2,
NJ05,G000583,"GOTTHEIMER,JOSH",committee,BA00,13,
NJ05,G000583,"GOTTHEIMER,JOSH",committee,IG00,7,
NJ06,P000034,"PALLONE,FRANK",committee,IF00,1,
NJ07,K000398,"KEAN,THOMAS",committee,FA00,18,
NJ07,K000398,"KEAN,THOMAS",committee,IF00,26,
NJ08,M001226,"MENENDEZ,ROBERT",committee,IF00,21,
NJ09,P000621,"POU,NELLIE",committee,HM00,12,
NJ09,P000621,"POU,NELLIE",committee,PW00,27,
NJ10,M001229,"MCIVER,LAMONICA",committee,HM00,9,
NJ10,M001229,"MCIVER,LAMONICA",committee,SM00,4,
NJ11,S001207,"SHERRILL,MIKIE",committee,AS00,11,
NJ12,W000822,"WATSONCOLEMAN,BONNIE",committee,AP00,15,
NJ12,W000822,"WATSONCOLEMAN,BONNIE",committee,BU00,6,
NM01,S001218,"STANSBURY,MELANIE",committee,GO00,8,
NM01,S001218,"STANSBURY,MELANIE",committee,II00,5,
NM02,V000136,"VASQUEZ,GABE",committee,AG00,14,
NM02,V000136,"VASQUEZ,GABE",committee,AS00,16,
NM03,L000273,"LEGERFERNANDEZ,TERESA",committee,II00,4,
NM03,L000273,"LEGERFERNANDEZ,TERESA",committee,RU00,4,
NV01,T000468,"TITUS,DINA",committee,FA00,7,
NV01,T000468,"TITUS,DINA",committee,PW00,8,
NV02,A000369,"AMODEI,MARK",committee,AP00,12,
NV02,A000369,"AMODEI,MARK",committee,II00,17,
NV03,L000590,"LEE,SUSIE",committee,AP00,21,
NV04,H001066,"HORSFORD,STEVEN",committee,WM00,17,
NY01,L000598,"LALOTA,NICK",committee,AP00,32,
NY01,L000598,"LALOTA,NICK",committee,SM00,7,
NY02,G000597,"GARBARINO,ANDREW",committee,BA00,19,
NY02,G000597,"GARBARINO,ANDREW",committee,HM00,7,
NY03,S001201,"SUOZZI,THOMAS",committee,WM00,19,
NY04,G000602,"GILLEN,LAURA",committee,PW00,30,
NY04,G000602,"GILLEN,LAURA",committee,SY00,14,
NY05,M001137,"MEEKS,GREGORY",committee,BA00,4,
NY05,M001137,"MEEKS,GREGORY",committee,FA00,1,
NY06,M001188,"MENG,GRACE",committee,AP00,11,
NY07,V000081,"VELAZQUEZ,NYDIA",committee,BA00,2,
NY07,V000081,"VELAZQUEZ,NYDIA",committee,II00,17,
NY07,V000081,"VELAZQUEZ,NYDIA",committee,SM00,1,
NY09,C001067,"CLARKE,YVETTE",committee,IF00,7,
NY10,G000599,"GOLDMAN,DANIEL",committee,HM00,6,
NY10,G000599,"GOLDMAN,DANIEL",committee,JU00,18,
NY11,M000317,"MALLIOTAKIS,NICOLE",committee,WM00,21,
NY12,N000002,"NADLER,JERROLD",committee,JU00,2,
NY12,N000002,"NADLER,JERROLD",committee,PW00,3,
NY13,E000297,"ESPAILLAT,ADRIANO",committee,AP00,18,
NY14,O000172,"OCASIOCORTEZ,ALEXANDRIA",committee,IF00,18,
NY15,T000486,"TORRES,RITCHIE",committee,BA00,18,
NY16,L000606,"LATIMER,GEORGE",committee,FA00,19,
NY16,L000606,"LATIMER,GEORGE",committee,SM00,7,
NY17,L000599,"LAWLER,MICHAEL",committee,BA00,22,
NY17,L000599,"LAWLER,MICHAEL",committee,FA00,19,
NY18,R000579,"RYAN,PATRICK",committee,AS00,15,
NY18,R000579,"RYAN,PATRICK",committee,PW00,20,
NY19,R000622,"RILEY,JOSH",committee,AG00,21,
NY19,R000622,"RILEY,JOSH",committee,SY00,18,
NY20,T000469,"TONKO,PAUL",committee,BU00,13,
NY20,T000469,"TONKO,PAUL",committee,IF00,6,
NY21,S001196,"STEFANIK,ELISE",committee,AS00,7,
NY21,S001196,"STEFANIK,ELISE",committee,ED00,6,
NY22,M001231,"MANNION,JOHN",committee,AG00,22,
NY22,M001231,"MANNION,JOHN",committee,ED00,16,
NY23,L000600,"LANGWORTHY,NICHOLAS",committee,GO00,21,
NY23,L000600,"LANGWORTHY,NICHOLAS",committee,IF00,25,
NY23,L000600,"LANGWORTHY,NICHOLAS",committee,RU00,6,
NY24,T000478,"TENNEY,CLAUDIA",committee,IG00,13,
NY24,T000478,"TENNEY,CLAUDIA",committee,SY00,8,
NY24,T000478,"TENNEY,CLAUDIA",committee,WM00,16,
NY25,M001206,"MORELLE,JOSEPH",committee,AP00,22,
NY25,M001206,"MORELLE,JOSEPH",committee,HA00,1,
NY26,K000402,"KENNEDY,TIMOTHY",committee,HM00,8,
NY26,K000402,"KENNEDY,TIMOTHY",committee,VR00,8,
OH01,L000601,"LANDSMAN,GREG",committee,IF00,23,
OH02,T000490,"TAYLOR,DAVID",committee,AG00,29,
OH02,T000490,"TAYLOR,DAVID",committee,PW00,31,
OH03,B001281,"BEATTY,JOYCE",committee,BA00,11,
OH04,J000289,"JORDAN,JIM",committee,GO00,2,
OH04,J000289,"JORDAN,JIM",committee,JU00,1,Chair
OH05,L000566,"LATTA,ROBERT",committee,IF00,2,
OH06,R000619,"RULLI,MICHAEL",committee,ED00,15,
OH06,R000619,"RULLI,MICHAEL",committee,IF00,27,
OH07,M001222,"MILLER,MAX",committee,SY00,10,
OH07,M001222,"MILLER,MAX",committee,WM00,24,
OH08,D000626,"DAVIDSON,WARREN",committee,BA00,10,
OH08,D000626,"DAVIDSON,WARREN",committee,FA00,16,
OH09,K000009,"KAPTUR,MARCY",committee,AP00,3,
OH09,K000009,"KAPTUR,MARCY",committee,BU00,11,
OH10,T000463,"TURNER,MICHAEL",committee,AS00,3,
OH10,T000463,"TURNER,MICHAEL",committee,GO00,3,
OH11,B001313,"BROWN,SHONTEL",committee,AG00,7,
OH11,B001313,"BROWN,SHONTEL",committee,GO00,7,
OH12,B001306,"BALDERSON,TROY",committee,IF00,13,
OH13,S001223,"SYKES,EMILIA",committee,PW00,22,
OH13,S001223,"SYKES,EMILIA",committee,SY00,7,
OH14,J000295,"JOYCE,DAVID",committee,AP00,10,
OH15,C001126,"CAREY,MIKE",committee,BU00,15,
OH15,C001126,"CAREY,MIKE",committee,HA00,6,
OH15,C001126,"CAREY,MIKE",committee,WM00,22,
OK01,H001082,"HERN,KEVIN",committee,WM00,10,
OK02,B001317,"BRECHEEN,JOSH",committee,BU00,13,
OK02,B001317,"BRECHEEN,JOSH",committee,HM00,12,
OK03,L000491,"LUCAS,FRANK",committee,AG00,2,
OK03,L000491,"LUCAS,FRANK",committee,BA00,2,
OK04,C001053,"COLE,TOM",committee,AP00,1,Chair
OK05,B000740,"BICE,STEPHANIE",committee,AP00,26,
OK05,B000740,"BICE,STEPHANIE",committee,HA00,5,
OR01,B001278,"BONAMICI,SUZANNE",committee,ED00,5,
OR01,B001278,"BONAMICI,SUZANNE",committee,SY00,2,
OR02,B000668,"BENTZ,CLIFF",committee,IF00,21,
OR02,B000668,"BENTZ,CLIFF",committee,II00,12,
OR03,D000635,"DEXTER,MAXINE",committee,II00,10,
OR03,D000635,"DEXTER,MAXINE",committee,VR00,9,
OR04,H001094,"HOYLE,VAL",committee,II00,6,
OR04,H001094,"HOYLE,VAL",committee,PW00,21,
OR05,B001326,"BYNUM,JANELLE",committee,BA00,23,
OR06,S001226,"SALINAS,ANDREA",committee,AG00,9,
OR06,S001226,"SALINAS,ANDREA",committee,SY00,5,
PA01,F000466,"FITZPATRICK,BRIAN",committee,IG00,4,
PA01,F000466,"FITZPATRICK,BRIAN",committee,WM00,14,
PA02,B001296,"BOYLE,BRENDAN",committee,BU00,1,
PA02,B001296,"BOYLE,BRENDAN",committee,WM00,11,
PA03,E000296,"EVANS,DWIGHT",committee,WM00,13,
PA04,D000631,"DEAN,MADELEINE",committee,AP00,24,
PA05,S001205,"SCANLON,MARYGAY",committee,JU00,10,
PA05,S001205,"SCANLON,MARYGAY",committee,RU00,2,
PA06,H001085,"HOULAHAN,CHRISSY",committee,AS00,9,
PA06,H001085,"HOULAHAN,CHRISSY",committee,IG00,9,
PA07,M001230,"MACKENZIE,RYAN",committee,ED00,17,
PA07,M001230,"MACKENZIE,RYAN",committee,FA00,28,
PA07,M001230,"MACKENZIE,RYAN",committee,HM00,17,
PA08,B001327,"BRESNAHAN,ROBERT",committee,AG00,26,
PA08,B001327,"BRESNAHAN,ROBERT",committee,PW00,27,
PA08,B001327,"BRESNAHAN,ROBERT",committee,SM00,10,
PA09,M001204,"MEUSER,DANIEL",committee,BA00,16,
PA09,M001204,"MEUSER,DANIEL",committee,SM00,3,
PA10,P000605,"PERRY,SCOTT",committee,FA00,5,
PA10,P000605,"PERRY,SCOTT",committee,GO00,15,
PA10,P000605,"PERRY,SCOTT",committee,IG00,9,
PA10,P000605,"PERRY,SCOTT",committee,PW00,5,
PA11,S001199,"SMUCKER,LLOYD",committee,BU00,5,
PA11,S001199,"SMUCKER,LLOYD",committee,WM00,9,
PA12,L000602,"LEE,SUMMER",committee,ED00,15,
PA12,L000602,"LEE,SUMMER",committee,GO00,11,
PA13,J000302,"JOYCE,JOHN",committee,IF00,10,
PA14,R000610,"RESCHENTHALER,GUY",committee,AP00,18,
PA15,T000467,"THOMPSON,GLENN",committee,AG00,1,Chair
PA15,T000467,"THOMPSON,GLENN",committee,ED00,4,
PA16,K000376,"KELLY,MIKE",committee,WM00,4,
PA17,D000530,"DELUZIO,CHRISTOPHER",committee,AS00,17,
PA17,D000530,"DELUZIO,CHRISTOPHER",committee,PW00,25,
PR00,H001103,"HERNANDEZ,PABLO",committee,HM00,11,
PR00,H001103,"HERNANDEZ,PABLO",committee,II00,11,
RI01,A000380,"AMO,GABE",committee,BU00,15,
RI01,A000380,"AMO,GABE",committee,FA00,16,
RI01,A000380,"AMO,GABE",committee,SY00,9,
RI02,M001223,"MAGAZINER,SETH",committee,HM00,5,
RI02,M001223,"MAGAZINER,SETH",committee,II00,7,
SC01,M000194,"MACE,NANCY",committee,AS00,15,
SC01,M000194,"MACE,NANCY",committee,GO00,12,
SC01,M000194,"MACE,NANCY",committee,VR00,4,
SC02,W000795,"WILSON,JOE",committee,AS00,2,
SC02,W000795,"WILSON,JOE",committee,ED00,2,
SC02,W000795,"WILSON,JOE",committee,FA00,3,
SC03,B001325,"BIGGS,SHERI",committee,FA00,26,
SC03,B001325,"BIGGS,SHERI",committee,HM00,15,
SC03,B001325,"BIGGS,SHERI",committee,SY00,17,
SC04,T000480,"TIMMONS,WILLIAM",committee,BA00,13,
SC04,T000480,"TIMMONS,WILLIAM",committee,GO00,16,
SC05,N000190,"NORMAN,RALPH",committee,BA00,15,
SC05,N000190,"NORMAN,RALPH",committee,BU00,2,
SC05,N000190,"NORMAN,RALPH",committee,RU00,3,
SC06,C000537,"CLYBURN,JAMES",committee,AP00,4,
SC07,F000478,"FRY,RUSSELL",committee,IF00,23,
SC07,F000478,"FRY,RUSSELL",committee,JU00,18,
SD00,J000301,"JOHNSON,DUSTY",committee,AG00,11,
SD00,J000301,"JOHNSON,DUSTY",committee,PW00,14,
TN01,H001086,"HARSHBARGER,DIANA",committee,IF00,16,
TN02,B001309,"BURCHETT,TIM",committee,FA00,8,
TN02,B001309,"BURCHETT,TIM",committee,GO00,17,
TN02,B001309,"BURCHETT,TIM",committee,PW00,13,
TN03,F000459,"FLEISCHMANN,CHARLES",committee,AP00,9,
TN03,F000459,"FLEISCHMANN,CHARLES",committee,SY00,6,
TN04,D000616,"DESJARLAIS,SCOTT",committee,AG00,5,
TN04,D000616,"DESJARLAIS,SCOTT",committee,AS00,8,
TN05,O000175,"OGLES,ANDREW",committee,BA00,24,
TN05,O000175,"OGLES,ANDREW",committee,HM00,14,
TN06,R000612,"ROSE,JOHN",committee,AG00,19,
TN06,R000612,"ROSE,JOHN",committee,BA00,11,
TN07,G000590,"GREEN,MARK",committee,FA00,9,
TN07,G000590,"GREEN,MARK",committee,HM00,1,Chair
TN08,K000392,"KUSTOFF,DAVID",committee,WM00,13,
TN09,C001068,"COHEN,STEVE",committee,JU00,4,
TN09,C001068,"COHEN,STEVE",committee,PW00,4,
TX01,M001224,"MORAN,NATHANIEL",committee,WM00,26,
TX02,C001120,"CRENSHAW,DAN",committee,IF00,9,
TX02,C001120,"CRENSHAW,DAN",committee,IG00,7,
TX03,S001224,"SELF,KEITH",committee,FA00,21,
TX03,S001224,"SELF,KEITH",committee,SY00,15,
TX03,S001224,"SELF,KEITH",committee,VR00,10,
TX04,F000246,"FALLON,PAT",committee,AS00,13,
TX04,F000246,"FALLON,PAT",committee,GO00,13,
TX04,F000246,"FALLON,PAT",committee,IG00,14,
TX05,G000589,"GOODEN,LANCE",committee,AS00,22,
TX05,G000589,"GOODEN,LANCE",committee,JU00,10,
TX06,E000071,"ELLZEY,JAKE",committee,AP00,28,
TX06,E000071,"ELLZEY,JAKE",committee,SM00,5,
TX07,F000468,"FLETCHER,LIZZIE",committee,IF00,17,
TX08,L000603,"LUTTRELL,MORGAN",committee,AS00,17,
TX08,L000603,"LUTTRELL,MORGAN",committee,HM00,10,
TX08,L000603,"LUTTRELL,MORGAN",committee,VR00,8,
TX09,G000553,"GREEN,AL",committee,BA00,7,
TX10,M001157,"MCCAUL,MICHAEL",committee,FA00,4,
TX10,M001157,"MCCAUL,MICHAEL",committee,HM00,2,
TX11,P000048,"PFLUGER,AUGUST",committee,HM00,6,
TX11,P000048,"PFLUGER,AUGUST",committee,IF00,15,
TX12,G000601,"GOLDMAN,CRAIG",committee,IF00,29,
TX13,J000304,"JACKSON,RONNY",committee,AG00,20,
TX13,J000304,"JACKSON,RONNY",committee,AS00,12,
TX13,J000304,"JACKSON,RONNY",committee,FA00,11,
TX13,J000304,"JACKSON,RONNY",committee,IG00,8,
TX14,W000814,"WEBER,RANDY",committee,IF00,11,
TX14,W000814,"WEBER,RANDY",committee,SY00,2,
TX15,D000594,"DELACRUZ,MONICA",committee,AG00,21,
TX15,D000594,"DELACRUZ,MONICA",committee,BA00,23,
TX16,E000299,"ESCOBAR,VERONICA",committee,AP00,25,
TX16,E000299,"ESCOBAR,VERONICA",committee,BU00,8,
TX17,S000250,"SESSIONS,PETE",committee,BA00,3,
TX17,S000250,"SESSIONS,PETE",committee,GO00,10,
TX18,T000489,"TURNER,SYLVESTER",committee,HM00,13,
TX18,T000489,"TURNER,SYLVESTER",committee,SY00,12,
TX19,A000375,"ARRINGTON,JODEY",committee,BU00,1,Chair
TX19,A000375,"ARRINGTON,JODEY",committee,WM00,7,
TX20,C001091,"CASTRO,JOAQUIN",committee,FA00,6,
TX20,C001091,"CASTRO,JOAQUIN",committee,IG00,3,
TX21,R000614,"ROY,CHIP",committee,BU00,9,
TX21,R000614,"ROY,CHIP",committee,JU00,7,
TX21,R000614,"ROY,CHIP",committee,RU00,4,
TX22,N000026,"NEHLS,TROY",committee,JU00,12,
TX22,N000026,"NEHLS,TROY",committee,PW00,16,
TX23,G000594,"GONZALES,TONY",committee,AP00,20,
TX23,G000594,"GONZALES,TONY",committee,HM00,9,
TX24,V000134,"VANDUYNE,BETH",committee,SM00,4,
TX24,V000134,"VANDUYNE,BETH",committee,WM00,19,
TX25,W000816,"WILLIAMS,ROGER",committee,BA00,7,
TX25,W000816,"WILLIAMS,ROGER",committee,SM00,1,Chair
TX26,G000603,"GILL,BRANDON",committee,BU00,20,
TX26,G000603,"GILL,BRANDON",committee,GO00,26,
TX26,G000603,"GILL,BRANDON",committee,JU00,24,
TX27,C001115,"CLOUD,MICHAEL",committee,AP00,22,
TX27,C001115,"CLOUD,MICHAEL",committee,GO00,7,
TX28,C001063,"CUELLAR,HENRY",committee,AP00,8,
TX29,G000587,"GARCIA,SYLVIA",committee,BA00,19,
TX30,C001130,"CROCKETT,JASMINE",committee,GO00,13,
TX30,C001130,"CROCKETT,JASMINE",committee,JU00,19,
TX31,C001051,"CARTER,JOHN",committee,AP00,5,
TX32,J000310,"JOHNSON,JULIE",committee,FA00,21,
TX32,J000310,"JOHNSON,JULIE",committee,HA00,4,
TX32,J000310,"JOHNSON,JULIE",committee,HM00,10,
TX33,V000131,"VEASEY,MARC",committee,IF00,11,
TX34,G000581,"GONZALEZ,VICENTE",committee,BA00,14,
TX35,C001131,"CASAR,GREG",committee,ED00,14,
TX35,C001131,"CASAR,GREG",committee,GO00,12,
TX36,B001291,"BABIN,BRIAN",committee,PW00,6,
TX36,B001291,"BABIN,BRIAN",committee,SY00,1,Chair
TX37,D000399,"DOGGETT,LLOYD",committee,BU00,2,
TX37,D000399,"DOGGETT,LLOYD",committee,WM00,2,
TX38,H001095,"HUNT,WESLEY",committee,II00,14,
TX38,H001095,"HUNT,WESLEY",committee,JU00,17,
UT01,M001213,"MOORE,BLAKE",committee,BU00,11,
UT01,M001213,"MOORE,BLAKE",committee,WM00,18,
UT02,M001228,"MALOY,CELESTE",committee,AP00,34,
UT02,M001228,"MALOY,CELESTE",committee,II00,20,
UT03,K000403,"KENNEDY,MIKE",committee,II00,25,
UT03,K000403,"KENNEDY,MIKE",committee,PW00,34,
UT03,K000403,"KENNEDY,MIKE",committee,SY00,20,
UT04,O000086,"OWENS,BURGESS",committee,ED00,9,
UT04,O000086,"OWENS,BURGESS",committee,PW00,18,
VA01,W000804,"WITTMAN,ROBERT",committee,AS00,4,
VA01,W000804,"WITTMAN,ROBERT",committee,II00,2,
VA02,K000399,"KIGGANS,JENNIFER",committee,AS00,18,
VA02,K000399,"KIGGANS,JENNIFER",committee,II00,13,
VA02,K000399,"KIGGANS,JENNIFER",committee,VR00,11,
VA03,S000185,"SCOTT,ROBERT",committee,BU00,3,
VA03,S000185,"SCOTT,ROBERT",committee,ED00,1,
VA04,M001227,"MCCLELLAN,JENNIFER",committee,IF00,24,
VA05,M001239,"MCGUIRE,JOHN",committee,AS00,25,
VA05,M001239,"MCGUIRE,JOHN",committee,GO00,25,
VA06,C001118,"CLINE,BEN",committee,AP00,17,
VA06,C001118,"CLINE,BEN",committee,BU00,7,
VA06,C001118,"CLINE,BEN",committee,IG00,11,
VA06,C001118,"CLINE,BEN",committee,JU00,9,
VA07,V000138,"VINDMAN,EUGENE",committee,AG00,20,
VA07,V000138,"VINDMAN,EUGENE",committee,AS00,26,
VA08,B001292,"BEYER,DONALD",committee,EC00,2,
VA08,B001292,"BEYER,DONALD",committee,WM00,12,
VA09,G000568,"GRIFFITH,H.",committee,HA00,3,
VA09,G000568,"GRIFFITH,H.",committee,IF00,3,
VA09,G000568,"GRIFFITH,H.",committee,RU00,8,
VA10,S001230,"SUBRAMANYAM,SUHAS",committee,GO00,15,
VA10,S001230,"SUBRAMANYAM,SUHAS",committee,SY00,10,
VA11,C001078,"CONNOLLY,GERALD",committee,FA00,3,
VA11,C001078,"CONNOLLY,GERALD",committee,GO00,1,
VI00,P000610,"PLASKETT,STACEY",committee,BU00,7,
VI00,P000610,"PLASKETT,STACEY",committee,WM00,18,
VT00,B001318,"BALINT,BECCA",committee,BU00,10,
VT00,B001318,"BALINT,BECCA",committee,JU00,14,
WA01,D000617,"DELBENE,SUZAN",committee,WM00,8,
WA02,L000560,"LARSEN,RICK",committee,PW00,1,
WA03,G000600,"PEREZ,MARIE",committee,AP00,27,
WA04,N000189,"NEWHOUSE,DAN",committee,AG00,24,
WA04,N000189,"NEWHOUSE,DAN",committee,AP00,14,
WA05,B001322,"BAUMGARTNER,MICHAEL",committee,ED00,18,
WA05,B001322,"BAUMGARTNER,MICHAEL",committee,FA00,27,
WA05,B001322,"BAUMGARTNER,MICHAEL",committee,JU00,25,
WA06,R000621,"RANDALL,EMILY",committee,GO00,14,
WA06,R000621,"RANDALL,EMILY",committee,II00,12,
WA07,J000298,"JAYAPAL,PRAMILA",committee,BU00,12,
WA07,J000298,"JAYAPAL,PRAMILA",committee,FA00,18,
WA07,J000298,"JAYAPAL,PRAMILA",committee,JU00,8,
WA08,S001216,"SCHRIER,KIM",committee,IF00,15,
WA09,S000510,"SMITH,ADAM",committee,AS00,1,
WA10,S001159,"STRICKLAND,MARILYN",committee,AS00,14,
WA10,S001159,"STRICKLAND,MARILYN",committee,PW00,19,
WI01,S001213,"STEIL,BRYAN",committee,BA00,12,
WI01,S001213,"STEIL,BRYAN",committee,HA00,1,Chair
WI02,P000607,"POCAN,MARK",committee,AP00,12,
WI03,V000135,"VANORDEN,DERRICK",committee,AG00,23,
WI03,V000135,"VANORDEN,DERRICK",committee,AS00,24,
WI03,V000135,"VANORDEN,DERRICK",committee,VR00,7,
WI04,M001160,"MOORE,GWEN",committee,WM00,10,
WI05,F000471,"FITZGERALD,SCOTT",committee,BA00,20,
WI05,F000471,"FITZGERALD,SCOTT",committee,JU00,8,
WI06,G000576,"GROTHMAN,GLENN",committee,BU00,4,
WI06,G000576,"GROTHMAN,GLENN",committee,ED00,5,
WI06,G000576,"GROTHMAN,GLENN",committee,GO00,6,
WI06,G000576,"GROTHMAN,GLENN",committee,JU00,19,
WI07,T000165,"TIFFANY,THOMAS",committee,II00,10,
WI07,T000165,"TIFFANY,THOMAS",committee,JU00,5,
WI08,W000829,"WIED,TONY",committee,AG00,25,
WI08,W000829,"WIED,TONY",committee,PW00,24,
WI08,W000829,"WIED,TONY",committee,SM00,9,
WV01,M001205,"MILLER,CAROL",committee,WM00,11,
WV02,M001235,"MOORE,RILEY",committee,AP00,35,
WY00,H001096,"HAGEMAN,HARRIET",committee,II00,16,
WY00,H001096,"HAGEMAN,HARRIET",committee,JU00,15,
